col1,col2,abs_corr,corr
% ставка,Год выпуска,0.6816358066912197,-0.6816358066912197
Код,% ставка,0.07076403246452524,-0.07076403246452524
Код,Год выпуска,0.06176232026787804,0.06176232026787804
Unnamed: 0,Год выпуска,0.03206838973473634,-0.03206838973473634
Unnamed: 0,Код,0.008001681593624268,-0.008001681593624268
Unnamed: 0,% ставка,0.0003229700387184056,-0.0003229700387184056
